feature,effect_size,forest_importance,permutation_importance,rank_effect_size,rank_forest_importance,rank_permutation_importance,average_rank
EmpEnvironmentSatisfaction,0.3966,0.1815,0.3023,1.0,2.0,1.0,1.3333
EmpLastSalaryHikePercent,0.2737,0.1941,0.2461,2.0,1.0,2.0,1.6667
YearsSinceLastPromotion,0.2697,0.0759,0.1039,3.0,3.0,3.0,3.0
EmpDepartment,0.1712,0.0379,0.0691,5.0,5.0,4.0,4.6667
EmpJobRole,0.2018,0.0545,0.0358,4.0,4.0,6.0,4.6667
ExperienceYearsInCurrentRole,0.1661,0.0363,0.055,6.0,6.0,5.0,5.6667
YearsWithCurrManager,0.135,0.032,0.0243,7.0,9.0,7.0,7.6667
ExperienceYearsAtThisCompany,0.1325,0.0329,0.0204,8.0,8.0,8.0,8.0
EmpWorkLifeBalance,0.1137,0.0279,0.0192,9.0,12.0,10.0,10.3333
TotalWorkExperienceInYears,0.0743,0.0267,0.0057,12.0,13.0,14.0,13.0
Age,0.0348,0.0316,0.0065,20.0,10.0,13.0,14.3333
OverTime,0.097,0.0129,0.013,10.0,22.0,11.0,14.3333
MaritalStatus,0.0506,0.0191,0.0046,14.0,16.0,16.0,15.3333
EmpHourlyRate,0.0448,0.036,-0.0017,16.0,7.0,24.0,15.6667
EducationBackground,0.0652,0.0239,0.0021,13.0,14.0,21.0,16.0
DistanceFromHome,0.0376,0.0283,0.0027,19.0,11.0,20.0,16.6667
Attrition,0.0463,0.0097,0.0198,15.0,26.0,9.0,16.6667
EmpJobLevel,0.0808,0.0123,0.0039,11.0,24.0,17.0,17.3333
BusinessTravelFrequency,0.0428,0.0179,-0.0006,17.0,17.0,23.0,19.0
NumCompaniesWorked,0.0383,0.0199,-0.0023,18.0,15.0,25.0,19.3333
EmpEducationLevel,0.0153,0.0155,0.0033,22.0,20.0,18.0,20.0
Gender,0.0117,0.012,0.007,23.0,25.0,12.0,20.0
EmpJobInvolvement,0.0107,0.0124,0.0054,24.0,23.0,15.0,20.6667
EmpRelationshipSatisfaction,0.0219,0.0156,0.0019,21.0,19.0,22.0,20.6667
TrainingTimesLastYear,0.0013,0.0178,0.0032,26.0,18.0,19.0,21.0
EmpJobSatisfaction,0.0055,0.0155,-0.008,25.0,21.0,26.0,24.0
